{
  "version": 1,
  "trained_at": "2026-01-19T17:08:34.611Z",
  "interval_minutes": 15,
  "l2": 2,
  "feature_names": [
    "last_watts",
    "hour_sin",
    "hour_cos",
    "dow_sin",
    "dow_cos",
    "is_weekend",
    "temp_c",
    "contracted_power_kva",
    "tariff_simples",
    "tariff_bihorario",
    "segment_residential",
    "segment_sme",
    "segment_industrial",
    "home_area_m2",
    "household_size",
    "has_solar",
    "ev_count"
  ],
  "mean": [
    1031.37899543379,
    -0.04334403810063954,
    0.051867161421323964,
    0.22744411698011122,
    0.02721413111141405,
    0.1887366818873668,
    11.335403348554037,
    5.123363774733622,
    0,
    0.7534246575342466,
    1,
    0,
    0,
    57.45814307458143,
    3.649923896499239,
    0,
    1.2465753424657535
  ],
  "std": [
    454.6012703292468,
    0.7102292203380564,
    0.7017998090269274,
    0.7094799192418616,
    0.6675411689262517,
    0.3915974387473533,
    2.1950529599813566,
    0.9907798004062491,
    1,
    0.4313457290719846,
    1,
    1,
    1,
    11.446794932621932,
    0.5757848516754661,
    1,
    0.43134572907198454
  ],
  "weights": [
    395.15505481468614,
    12.311446561481034,
    45.39512041844764,
    6.305257714851077,
    -1.8416687500723992,
    5.014221862773985,
    2.4985371982149527,
    -1.543522508462047,
    0,
    -2.7142901848628753,
    0,
    0,
    0,
    0.3473040182668683,
    1.4810324483323711,
    0,
    2.7142901848783367
  ],
  "bias": 1033.6027397260275,
  "metrics": {
    "mae": 93.66,
    "rmse": 149.03,
    "r2": 0.923
  }
}