{
  "version": 1,
  "trained_at": "2026-01-19T13:32:08.636797+00:00",
  "interval_minutes": 15,
  "l2": 2.0,
  "feature_names": [
    "last_watts",
    "hour_sin",
    "hour_cos",
    "dow_sin",
    "dow_cos",
    "is_weekend",
    "temp_c",
    "contracted_power_kva",
    "tariff_simples",
    "tariff_bihorario",
    "segment_residential",
    "segment_sme",
    "segment_industrial",
    "home_area_m2",
    "household_size",
    "has_solar",
    "ev_count"
  ],
  "mean": [
    1255.356965166355,
    -0.00041839330323131265,
    0.0033135328848842615,
    0.07990918700247358,
    0.01586010020522857,
    0.2502985965959988,
    10.898649536695206,
    8.499120384192976,
    0.6952572907335524,
    0.3047427092664477,
    0.771498954911914,
    0.1828406489499353,
    0.04566039613815069,
    268.0084179682739,
    4.481885139842739,
    0.18363690653926545,
    0.3490096546232706
  ],
  "std": [
    1501.240064505781,
    0.7091126803188895,
    0.7051049109522933,
    0.707459179922881,
    0.702060685633621,
    0.4331903490831682,
    2.317827156385044,
    4.257711694812821,
    0.46030409799660893,
    0.46030409799660893,
    0.4198722474536431,
    0.3865406368148029,
    0.208750110614485,
    524.3744485505565,
    4.169576562532441,
    0.3871926181065227,
    0.5638117225661071
  ],
  "weights": [
    1467.065339149945,
    -5.221928537012917,
    -0.17915709352273756,
    0.7574532309005514,
    -0.7186702954486067,
    0.7098323740800982,
    0.6698644066110195,
    -0.5623088687665954,
    0.018887689533837564,
    -0.01888769389680249,
    0.016988351398676757,
    -0.13091030160222358,
    0.20823564202388142,
    22.455820487377665,
    10.551469888156,
    -0.8364846209520405,
    2.9190902379119925
  ],
  "bias": 1255.7681636354969,
  "metrics": {
    "mae": 81.00551069396411,
    "rmse": 130.61945761655315,
    "r2": 0.9927140296045349
  },
  "notes": "Modelo linear ridge (sintético). Treinar novamente quando houver mais dados reais."
}