{
  "version": 1,
  "trained_at": "2026-01-19T13:32:14.245872+00:00",
  "l2": 1.0,
  "feature_names": [
    "contracted_power_kva",
    "peak_watts_30d",
    "avg_watts_30d",
    "home_area_m2",
    "household_size",
    "has_solar",
    "ev_count",
    "segment_residential",
    "segment_sme",
    "segment_industrial"
  ],
  "mean": [
    8.468181818181817,
    2379.6490755568007,
    1255.0892009010843,
    266.8388090677165,
    4.454545454545454,
    0.18181818181818182,
    0.36363636363636365,
    0.7727272727272727,
    0.18181818181818182,
    0.045454545454545456
  ],
  "std": [
    4.354487161717031,
    2348.4427564580365,
    1404.6370416701961,
    535.7265188399964,
    4.273141731763675,
    0.39477101697586126,
    0.5810872031479763,
    0.42893202722888857,
    0.39477101697586126,
    0.21320071635561053
  ],
  "weights": [
    0.017869306293398987,
    0.841144315918238,
    0.7346229561837112,
    0.7576816765940553,
    0.4967079089058569,
    -0.027805164182868398,
    0.25160838865379676,
    -0.21753370614128786,
    -0.11654769380125274,
    0.6534538324042851
  ],
  "bias": 3.254545454545455,
  "metrics": {
    "mae": 0.09232872240433206,
    "rmse": 0.11213423248955152,
    "r2": 0.9989511048177793
  }
}