{
  "type": "ridge",
  "version": 2,
  "trained_at": "2026-01-22T19:59:13.369Z",
  "interval_minutes": 15,
  "l2": 0.5,
  "feature_names": [
    "last_watts",
    "hour_sin",
    "hour_cos",
    "dow_sin",
    "dow_cos",
    "is_weekend",
    "temp_c",
    "contracted_power_kva",
    "tariff_simples",
    "tariff_bihorario",
    "segment_residential",
    "segment_sme",
    "segment_industrial",
    "home_area_m2",
    "household_size",
    "has_solar",
    "ev_count"
  ],
  "mean": [
    811.5938661710037,
    -0.000841554476696844,
    0.017407243658121963,
    -0.14694962015064977,
    -0.11811777960625712,
    0.35687732342007433,
    17.953048327137573,
    6.8999999999998725,
    1,
    0,
    1,
    0,
    0,
    105,
    4,
    0,
    0
  ],
  "std": [
    312.911021633971,
    0.7024137632059511,
    0.7122086316106603,
    0.6880733093374679,
    0.7013603116564371,
    0.479300952023752,
    2.18571718877128,
    1,
    1,
    1,
    1,
    1,
    1,
    1,
    1,
    1,
    1
  ],
  "weights": [
    264.15384118148074,
    -4.30569465043834,
    -20.8225965524137,
    0.12964298358698834,
    -0.19205951277479016,
    4.500393132222754,
    12.66845123750386,
    -4.068694637995205e-23,
    0,
    0,
    0,
    0,
    0,
    0,
    0,
    0,
    0
  ],
  "bias": 810.8169144981413,
  "metrics": {
    "mae": 100.45,
    "rmse": 129.79,
    "r2": 0.784
  }
}