{
  "type": "ridge",
  "version": 2,
  "trained_at": "2026-01-21T15:00:35.222Z",
  "interval_minutes": 15,
  "l2": 0.5,
  "feature_names": [
    "last_watts",
    "hour_sin",
    "hour_cos",
    "dow_sin",
    "dow_cos",
    "is_weekend",
    "temp_c",
    "contracted_power_kva",
    "tariff_simples",
    "tariff_bihorario",
    "segment_residential",
    "segment_sme",
    "segment_industrial",
    "home_area_m2",
    "household_size",
    "has_solar",
    "ev_count"
  ],
  "mean": [
    951.8456085072863,
    -0.015883477884613233,
    0.006342492505997152,
    -0.1508884555826095,
    0.08527635747711794,
    0.4040961008270973,
    17.57718393068134,
    4.600000000000113,
    0,
    0.6636471051595116,
    1,
    0,
    0,
    66.5911776289878,
    3.0090586845214653,
    0,
    1.3363528948404884
  ],
  "std": [
    524.2499071259491,
    0.7054795365922254,
    0.7088018109091143,
    0.7102245652044692,
    0.6825861549953736,
    0.4908129184752881,
    2.2065443143770858,
    0.943400201457642,
    1,
    0.4725543100721735,
    1,
    1,
    1,
    11.813857751804234,
    0.814755483162156,
    1,
    0.4725543100721735
  ],
  "weights": [
    438.78569262624114,
    8.376677974775676,
    69.36057358319438,
    -2.3145160084390546,
    1.5787562883246635,
    0.8367787092926781,
    -22.03197890483514,
    -3.422396296809893,
    0,
    -7.3201173408015165,
    0,
    0,
    0,
    -1.3788828586912132,
    5.845124304294586,
    0,
    7.32011734083062
  ],
  "bias": 952.6518314296967,
  "metrics": {
    "mae": 120.85,
    "rmse": 168.83,
    "r2": 0.853
  }
}