{
  "type": "ridge",
  "version": 2,
  "trained_at": "2026-01-19T17:58:45.111Z",
  "interval_minutes": 15,
  "l2": 0.5,
  "feature_names": [
    "last_watts",
    "hour_sin",
    "hour_cos",
    "dow_sin",
    "dow_cos",
    "is_weekend",
    "temp_c",
    "contracted_power_kva",
    "tariff_simples",
    "tariff_bihorario",
    "segment_residential",
    "segment_sme",
    "segment_industrial",
    "home_area_m2",
    "household_size",
    "has_solar",
    "ev_count"
  ],
  "mean": [
    1034.8946369245373,
    -0.0011715953685998506,
    0.0364423763046354,
    0.018255621240897073,
    0.03259349316228715,
    0.27384907451352636,
    11.345301376364517,
    4.602728998576237,
    0,
    0.6549596582819174,
    1,
    0,
    0,
    66.31466540104414,
    3.0398671096345513,
    0,
    1.3450403417180825
  ],
  "std": [
    540.7587344059929,
    0.7109092131928739,
    0.7026755109763879,
    0.7025968748926843,
    0.7109403624890551,
    0.4460383193615555,
    2.206182937704449,
    0.9571820306601672,
    1,
    0.47549428052545534,
    1,
    1,
    1,
    11.90653648357555,
    0.8085051107727395,
    1,
    0.4754942805254553
  ],
  "weights": [
    483.08112642501794,
    15.881904034986484,
    45.17503184105145,
    3.2909224167437894,
    -0.28067555396058896,
    1.8633344030558954,
    4.678737609056877,
    -2.936451192392269,
    0,
    -7.3405117528745905,
    0,
    0,
    0,
    -2.196836318638816,
    6.905223256544559,
    0,
    7.340511752758175
  ],
  "bias": 1036.3507356430944,
  "metrics": {
    "mae": 77.68,
    "rmse": 126.66,
    "r2": 0.909
  }
}