{
  "type": "ridge",
  "version": 2,
  "trained_at": "2026-01-25T20:25:50.487Z",
  "interval_minutes": 15,
  "l2": 8,
  "feature_names": [
    "last_watts",
    "hour_sin",
    "hour_cos",
    "dow_sin",
    "dow_cos",
    "is_weekend",
    "temp_c",
    "contracted_power_kva",
    "tariff_simples",
    "tariff_bihorario",
    "segment_residential",
    "segment_sme",
    "segment_industrial",
    "home_area_m2",
    "household_size",
    "has_solar",
    "ev_count"
  ],
  "mean": [
    814.526511627907,
    -0.004286135989188845,
    0.01599607727980218,
    -0.18601884961705525,
    0.037235668398530805,
    0.3572093023255814,
    8.270074418604644,
    6.8999999999998725,
    1,
    0,
    1,
    0,
    0,
    105,
    4,
    0,
    0
  ],
  "std": [
    300.3444515327321,
    0.703285013988903,
    0.7113696556611405,
    0.6635752163347245,
    0.7242761999164473,
    0.4794002576029099,
    2.2580313095325213,
    1,
    1,
    1,
    1,
    1,
    1,
    1,
    1,
    1,
    1
  ],
  "weights": [
    254.54136166460862,
    -16.831534264854213,
    -11.723535614296168,
    -0.9338970147089931,
    -0.2810005931727986,
    5.402982141355894,
    -4.135803367382664,
    -1.4895713374490069e-24,
    0,
    0,
    0,
    0,
    0,
    0,
    0,
    0,
    0
  ],
  "bias": 813.5823255813954,
  "metrics": {
    "mae": 115.39,
    "rmse": 152.57,
    "r2": 0.74
  }
}