{
  "type": "hourly_profile",
  "version": 1,
  "trained_at": "2026-01-26T04:27:34.638Z",
  "interval_minutes": 15,
  "buckets_168": [
    479.125,
    483.25,
    391.625,
    440.5,
    444.625,
    545.75,
    779.75,
    1047.375,
    1103.5,
    911.875,
    813.375,
    689.625,
    826.5,
    843.125,
    758.125,
    656.25,
    611.75,
    760.75,
    961.625,
    1240.625,
    1307.625,
    1248.875,
    937.125,
    570.25,
    446.625,
    415.625,
    388.5,
    438.125,
    370.125,
    534.75,
    708.625,
    1048.375,
    1104.625,
    965.875,
    803,
    794.5,
    712.375,
    713.5,
    669.375,
    663.875,
    603.5,
    772.375,
    1134.75,
    1337.5,
    1343.75,
    1210.375,
    945,
    808.5,
    608.125,
    425.5,
    424.5,
    481.75,
    417.375,
    500.875,
    665.625,
    975.625,
    1135.25,
    979.75,
    734.25,
    637.5,
    692.25,
    650.25,
    788.5,
    629,
    648,
    654.75,
    900.5,
    1323.5,
    1435,
    1178.75,
    851.25,
    632,
    406.25,
    452,
    417.75,
    383,
    431,
    611.5,
    785,
    1051.75,
    1032.25,
    1037,
    811.5,
    745.75,
    689.25,
    633.25,
    585.5,
    666,
    977.5,
    895.5,
    1231.25,
    1307,
    1339,
    1149.25,
    860.5,
    554.75,
    393.25,
    352.5,
    444,
    374.25,
    473,
    549.25,
    726.25,
    1016.5,
    1181.5,
    1065.75,
    848.25,
    732,
    669.5,
    675.25,
    757.5,
    655,
    715.5,
    679,
    926.5,
    1158.5,
    1348.75,
    1278,
    938.25,
    621.75,
    468.5,
    616.75,
    337.5,
    448.5,
    749.75,
    738.7142857142857,
    822.625,
    1059,
    1193.25,
    1050.75,
    868.875,
    835.875,
    812,
    782.625,
    831.625,
    968.625,
    739,
    822.75,
    1066.125,
    1366.75,
    1541.875,
    1304,
    971.625,
    760.5,
    468.25,
    458.5,
    407,
    430.625,
    547.75,
    503,
    794.5,
    1128.125,
    1096.5,
    1088.625,
    905.125,
    739,
    880.25,
    1051,
    803.625,
    869.125,
    800.375,
    977.5,
    1149.25,
    1346.625,
    1376.25,
    1284.75,
    1019.625,
    723.125
  ],
  "global_mean": 816.3627906976744,
  "metrics": {
    "mae": 104.97,
    "rmse": 135.94,
    "r2": 0.773
  }
}