{
  "type": "ridge",
  "version": 2,
  "trained_at": "2026-01-28T09:51:10.762Z",
  "interval_minutes": 15,
  "l2": 0.5,
  "feature_names": [
    "last_watts",
    "hour_sin",
    "hour_cos",
    "dow_sin",
    "dow_cos",
    "is_weekend",
    "temp_c",
    "contracted_power_kva",
    "tariff_simples",
    "tariff_bihorario",
    "segment_residential",
    "segment_sme",
    "segment_industrial",
    "home_area_m2",
    "household_size",
    "has_solar",
    "ev_count"
  ],
  "mean": [
    810.1841860465116,
    -0.0117099412906133,
    0.011709941290613335,
    0.1795493137038213,
    0.058507184720782444,
    0.19813953488372094,
    12.049469767441847,
    6.8999999999998725,
    1,
    0,
    1,
    0,
    0,
    105,
    4,
    0,
    0
  ],
  "std": [
    313.4231192892339,
    0.7073388855056751,
    0.7073388855056748,
    0.6697814736133991,
    0.7187695219130773,
    0.3987833908306493,
    2.226590155892203,
    1,
    1,
    1,
    1,
    1,
    1,
    1,
    1,
    1,
    1
  ],
  "weights": [
    266.7064261637679,
    -0.08168054379632395,
    -20.81086440471853,
    -1.2692293716819556,
    -0.5372133538880206,
    3.814473736207347,
    18.856089537310822,
    -1.9361196212569304e-23,
    0,
    0,
    0,
    0,
    0,
    0,
    0,
    0,
    0
  ],
  "bias": 809.4893023255814,
  "metrics": {
    "mae": 117.38,
    "rmse": 153.53,
    "r2": 0.755
  }
}