{
  "type": "ridge",
  "version": 2,
  "trained_at": "2026-01-26T18:19:11.881Z",
  "interval_minutes": 15,
  "l2": 0.5,
  "feature_names": [
    "last_watts",
    "hour_sin",
    "hour_cos",
    "dow_sin",
    "dow_cos",
    "is_weekend",
    "temp_c",
    "contracted_power_kva",
    "tariff_simples",
    "tariff_bihorario",
    "segment_residential",
    "segment_sme",
    "segment_industrial",
    "home_area_m2",
    "household_size",
    "has_solar",
    "ev_count"
  ],
  "mean": [
    804.7152133580705,
    -0.010662308170907056,
    -0.012891055552817736,
    0.057234291994141366,
    -0.1669730864422917,
    0.24397031539888683,
    6.500194805194811,
    6.899999999999872,
    1,
    0,
    1,
    0,
    0,
    105,
    4,
    0,
    0
  ],
  "std": [
    298.47042373487574,
    0.7070754885467726,
    0.7075963783252779,
    0.7183330955107974,
    0.6736032696829788,
    0.42967436769761647,
    2.156356770336433,
    1,
    1,
    1,
    1,
    1,
    1,
    1,
    1,
    1,
    1
  ],
  "weights": [
    244.38438262218511,
    -5.632429637336372,
    -20.120374708977693,
    0.6068310208550134,
    -1.1142808535348951,
    5.591300198117652,
    12.879692626887504,
    -3.623761941321174e-23,
    0,
    0,
    0,
    0,
    0,
    0,
    0,
    0,
    0
  ],
  "bias": 804.7532467532468,
  "metrics": {
    "mae": 109.47,
    "rmse": 149.98,
    "r2": 0.78
  }
}