{
  "type": "ridge",
  "version": 2,
  "trained_at": "2026-01-23T23:37:13.198Z",
  "interval_minutes": 15,
  "l2": 0.5,
  "feature_names": [
    "last_watts",
    "hour_sin",
    "hour_cos",
    "dow_sin",
    "dow_cos",
    "is_weekend",
    "temp_c",
    "contracted_power_kva",
    "tariff_simples",
    "tariff_bihorario",
    "segment_residential",
    "segment_sme",
    "segment_industrial",
    "home_area_m2",
    "household_size",
    "has_solar",
    "ev_count"
  ],
  "mean": [
    818.5172727272727,
    -0.006099149526526119,
    0.01513736127988354,
    -0.09563911044151285,
    -0.11894200194471538,
    0.33090909090909093,
    10.993481818181818,
    6.899999999999867,
    1,
    0,
    1,
    0,
    0,
    105,
    4,
    0,
    0
  ],
  "std": [
    303.9158967754835,
    0.7088996924068441,
    0.7057652318826757,
    0.7031561193315059,
    0.6951015429512706,
    0.47075442414465807,
    2.2676882450903983,
    1,
    1,
    1,
    1,
    1,
    1,
    1,
    1,
    1,
    1
  ],
  "weights": [
    246.52970155303632,
    -15.378862705080678,
    -14.121541409319775,
    2.5471921597268743,
    2.3788435197190516,
    6.543181973647197,
    5.401242953793485,
    -1.636266649206458e-23,
    0,
    0,
    0,
    0,
    0,
    0,
    0,
    0,
    0
  ],
  "bias": 819.3454545454546,
  "metrics": {
    "mae": 135.39,
    "rmse": 179.18,
    "r2": 0.684
  }
}