{
  "type": "ridge",
  "version": 2,
  "trained_at": "2026-01-26T13:45:53.757Z",
  "interval_minutes": 15,
  "l2": 1,
  "feature_names": [
    "last_watts",
    "hour_sin",
    "hour_cos",
    "dow_sin",
    "dow_cos",
    "is_weekend",
    "temp_c",
    "contracted_power_kva",
    "tariff_simples",
    "tariff_bihorario",
    "segment_residential",
    "segment_sme",
    "segment_industrial",
    "home_area_m2",
    "household_size",
    "has_solar",
    "ev_count"
  ],
  "mean": [
    812.8075539568346,
    -0.007495977071794581,
    0.011936803505597825,
    -0.0424489555718097,
    -0.21422783641915438,
    0.2823741007194245,
    6.602922661870508,
    6.8999999999998645,
    1,
    0,
    1,
    0,
    0,
    105,
    4,
    0,
    0
  ],
  "std": [
    309.47155216441433,
    0.7097516798358803,
    0.7049494926601589,
    0.7146948543663373,
    0.6651112276909387,
    0.4503569265291835,
    2.205626958540827,
    1,
    1,
    1,
    1,
    1,
    1,
    1,
    1,
    1,
    1
  ],
  "weights": [
    260.17277956382526,
    -33.58180758579908,
    -1.3753577125308425,
    3.845338102692036,
    -1.9266459899409474,
    7.961043109840043,
    -23.013192416164998,
    -1.9944423167904544e-23,
    0,
    0,
    0,
    0,
    0,
    0,
    0,
    0,
    0
  ],
  "bias": 812.9622302158274,
  "metrics": {
    "mae": 108.89,
    "rmse": 142.47,
    "r2": 0.763
  }
}