{
  "type": "ridge",
  "version": 2,
  "trained_at": "2026-01-22T19:07:47.888Z",
  "interval_minutes": 15,
  "l2": 8,
  "feature_names": [
    "last_watts",
    "hour_sin",
    "hour_cos",
    "dow_sin",
    "dow_cos",
    "is_weekend",
    "temp_c",
    "contracted_power_kva",
    "tariff_simples",
    "tariff_bihorario",
    "segment_residential",
    "segment_sme",
    "segment_industrial",
    "home_area_m2",
    "household_size",
    "has_solar",
    "ev_count"
  ],
  "mean": [
    826.1988847583643,
    -0.010969638409346007,
    0.013366543076213403,
    -0.18738296102167265,
    0.027863032195122053,
    0.35687732342007433,
    17.82464684014873,
    6.8999999999998725,
    1,
    0,
    1,
    0,
    0,
    105,
    4,
    0,
    0
  ],
  "std": [
    314.7969584656435,
    0.7064025445828457,
    0.7082558873650294,
    0.6612069214665997,
    0.7265077646248347,
    0.47930095202375245,
    2.2164957815391184,
    1,
    1,
    1,
    1,
    1,
    1,
    1,
    1,
    1,
    1
  ],
  "weights": [
    264.99759293160645,
    -18.100184521164692,
    -11.168551287248022,
    1.2665000283427812,
    0.019233601348451312,
    5.371180142824734,
    -2.1199644461853495,
    -1.1454512779298762e-24,
    0,
    0,
    0,
    0,
    0,
    0,
    0,
    0,
    0
  ],
  "bias": 825.6440520446097,
  "metrics": {
    "mae": 126.69,
    "rmse": 174.55,
    "r2": 0.691
  }
}