{
  "type": "ridge",
  "version": 2,
  "trained_at": "2026-01-27T16:42:08.881Z",
  "interval_minutes": 15,
  "l2": 0.5,
  "feature_names": [
    "last_watts",
    "hour_sin",
    "hour_cos",
    "dow_sin",
    "dow_cos",
    "is_weekend",
    "temp_c",
    "contracted_power_kva",
    "tariff_simples",
    "tariff_bihorario",
    "segment_residential",
    "segment_sme",
    "segment_industrial",
    "home_area_m2",
    "household_size",
    "has_solar",
    "ev_count"
  ],
  "mean": [
    806.1320930232558,
    3.7282838315319213e-17,
    -0.016560357787778188,
    -0.07755201354254575,
    -0.15894820188350697,
    0.3218604651162791,
    9.440744186046505,
    6.8999999999998725,
    1,
    0,
    1,
    0,
    0,
    105,
    4,
    0,
    0
  ],
  "std": [
    302.1960486322246,
    0.7026557889335135,
    0.7119911798435719,
    0.7133711088907336,
    0.6787671105154695,
    0.4674072459692007,
    2.2214987736551124,
    1,
    1,
    1,
    1,
    1,
    1,
    1,
    1,
    1,
    1
  ],
  "weights": [
    261.23796077603356,
    -35.859546342222984,
    5.763532381845835,
    -2.3680258715366413,
    1.2513739203398178,
    3.691038978939007,
    -30.71618048036305,
    -7.832366425111481e-24,
    0,
    0,
    0,
    0,
    0,
    0,
    0,
    0,
    0
  ],
  "bias": 806.059534883721,
  "metrics": {
    "mae": 118,
    "rmse": 158.77,
    "r2": 0.777
  }
}