{
  "type": "ridge",
  "version": 2,
  "trained_at": "2026-01-20T09:57:58.128Z",
  "interval_minutes": 15,
  "l2": 0.5,
  "feature_names": [
    "last_watts",
    "hour_sin",
    "hour_cos",
    "dow_sin",
    "dow_cos",
    "is_weekend",
    "temp_c",
    "contracted_power_kva",
    "tariff_simples",
    "tariff_bihorario",
    "segment_residential",
    "segment_sme",
    "segment_industrial",
    "home_area_m2",
    "household_size",
    "has_solar",
    "ev_count"
  ],
  "mean": [
    967.4673228346456,
    0.016155613043393524,
    -0.006061606965173318,
    0.018729376541004858,
    -0.18046108870081146,
    0.22716535433070867,
    12.959125984251978,
    4.600452755905626,
    0,
    0.6637795275590551,
    1,
    0,
    0,
    66.58464566929133,
    3.0094488188976376,
    0,
    1.3362204724409448
  ],
  "std": [
    525.6298190654167,
    0.7054739258935727,
    0.7088035916612561,
    0.6641372587716482,
    0.7255243612234411,
    0.419082810372909,
    2.1995487792925212,
    0.9434903688668059,
    1,
    0.4725083762541643,
    1,
    1,
    1,
    11.816117742797598,
    0.8148322806971858,
    1,
    0.4725083762541645
  ],
  "weights": [
    447.8262722332303,
    18.102180503508443,
    59.20993821043139,
    -4.371209153365899,
    -0.6291805483596455,
    -1.5950286091073038,
    -3.4758094309939853,
    -2.90650329386699,
    0,
    -7.580215178604703,
    0,
    0,
    0,
    -2.5328604914684547,
    7.33402631500212,
    0,
    7.580215178779326
  ],
  "bias": 967.9318897637795,
  "metrics": {
    "mae": 125.62,
    "rmse": 180.51,
    "r2": 0.87
  }
}