{
  "type": "ridge",
  "version": 2,
  "trained_at": "2026-01-23T16:43:03.726Z",
  "interval_minutes": 15,
  "l2": 8,
  "feature_names": [
    "last_watts",
    "hour_sin",
    "hour_cos",
    "dow_sin",
    "dow_cos",
    "is_weekend",
    "temp_c",
    "contracted_power_kva",
    "tariff_simples",
    "tariff_bihorario",
    "segment_residential",
    "segment_sme",
    "segment_industrial",
    "home_area_m2",
    "household_size",
    "has_solar",
    "ev_count"
  ],
  "mean": [
    809.5102230483271,
    0.017282284351443113,
    -0.0005657634098594021,
    0.11199487237508396,
    0.14262246737231304,
    0.2537174721189591,
    15.949888475836437,
    6.8999999999998725,
    1,
    0,
    1,
    0,
    0,
    105,
    4,
    0,
    0
  ],
  "std": [
    303.98286501211476,
    0.712053834715596,
    0.7025740483729515,
    0.7011833377570958,
    0.6901866051920837,
    0.4353401558167276,
    2.266139219971928,
    1,
    1,
    1,
    1,
    1,
    1,
    1,
    1,
    1,
    1
  ],
  "weights": [
    253.76662755503222,
    -10.866232490047139,
    -14.26924081242737,
    -1.479312105686013,
    -0.12329163328407944,
    5.808664824840814,
    1.028499695634082,
    -2.0679515313825692e-24,
    0,
    0,
    0,
    0,
    0,
    0,
    0,
    0,
    0
  ],
  "bias": 810.1078066914498,
  "metrics": {
    "mae": 117.59,
    "rmse": 163.09,
    "r2": 0.709
  }
}