{
  "type": "ridge",
  "version": 2,
  "trained_at": "2026-01-27T19:38:53.563Z",
  "interval_minutes": 15,
  "l2": 8,
  "feature_names": [
    "last_watts",
    "hour_sin",
    "hour_cos",
    "dow_sin",
    "dow_cos",
    "is_weekend",
    "temp_c",
    "contracted_power_kva",
    "tariff_simples",
    "tariff_bihorario",
    "segment_residential",
    "segment_sme",
    "segment_industrial",
    "home_area_m2",
    "household_size",
    "has_solar",
    "ev_count"
  ],
  "mean": [
    808.4625788999098,
    -0.002361072734506574,
    -0.019650419956517087,
    -0.1289303014110629,
    -0.17209705863348482,
    0.33002705139765554,
    10.841433724075744,
    6.899999999999865,
    1,
    0,
    1,
    0,
    0,
    105,
    4,
    0,
    0
  ],
  "std": [
    293.84573130467385,
    0.7076630901640905,
    0.7069111759578467,
    0.6906053796271795,
    0.6911472949106588,
    0.4704346434736694,
    2.2443607269206898,
    1,
    1,
    1,
    1,
    1,
    1,
    1,
    1,
    1,
    1
  ],
  "weights": [
    245.7800717611412,
    -1.6922285692277796,
    -20.808448160693075,
    1.809731702476796,
    0.8026344025948355,
    3.8805039993829658,
    13.806710246769455,
    -7.480168429922887e-25,
    0,
    0,
    0,
    0,
    0,
    0,
    0,
    0,
    0
  ],
  "bias": 808.9855725879171,
  "metrics": {
    "mae": 121.72,
    "rmse": 155.54,
    "r2": 0.758
  }
}