{
  "type": "ridge",
  "version": 2,
  "trained_at": "2026-01-26T22:15:52.492Z",
  "interval_minutes": 15,
  "l2": 0.5,
  "feature_names": [
    "last_watts",
    "hour_sin",
    "hour_cos",
    "dow_sin",
    "dow_cos",
    "is_weekend",
    "temp_c",
    "contracted_power_kva",
    "tariff_simples",
    "tariff_bihorario",
    "segment_residential",
    "segment_sme",
    "segment_industrial",
    "home_area_m2",
    "household_size",
    "has_solar",
    "ev_count"
  ],
  "mean": [
    826.5320930232558,
    3.7282838315319213e-17,
    -0.016560357787778188,
    -0.17262359787160034,
    -0.03846997718180036,
    0.3572093023255814,
    6.871683720930231,
    6.8999999999998725,
    1,
    0,
    1,
    0,
    0,
    105,
    4,
    0,
    0
  ],
  "std": [
    308.6564620827925,
    0.7026557889335135,
    0.7119911798435719,
    0.6704015835007855,
    0.7212384114543278,
    0.4794002576029096,
    2.1653464791424812,
    1,
    1,
    1,
    1,
    1,
    1,
    1,
    1,
    1,
    1
  ],
  "weights": [
    248.58598333935265,
    -10.703724384004886,
    -17.484057241378423,
    2.03154223937784,
    -2.560438898994562,
    9.118911040269197,
    9.127930225853902,
    -1.320904040670616e-23,
    0,
    0,
    0,
    0,
    0,
    0,
    0,
    0,
    0
  ],
  "bias": 826.7051162790698,
  "metrics": {
    "mae": 118.82,
    "rmse": 150.52,
    "r2": 0.737
  }
}