{
  "type": "ridge",
  "version": 2,
  "trained_at": "2026-01-27T13:18:53.990Z",
  "interval_minutes": 15,
  "l2": 0.5,
  "feature_names": [
    "last_watts",
    "hour_sin",
    "hour_cos",
    "dow_sin",
    "dow_cos",
    "is_weekend",
    "temp_c",
    "contracted_power_kva",
    "tariff_simples",
    "tariff_bihorario",
    "segment_residential",
    "segment_sme",
    "segment_industrial",
    "home_area_m2",
    "household_size",
    "has_solar",
    "ev_count"
  ],
  "mean": [
    815.3627906976744,
    0.015299775611192236,
    -0.006337374559420904,
    -0.16535856782125993,
    -0.07030015357458437,
    0.3572093023255814,
    8.840511627906977,
    6.8999999999998725,
    1,
    0,
    1,
    0,
    0,
    105,
    4,
    0,
    0
  ],
  "std": [
    296.4769901535846,
    0.7106317083320269,
    0.7040306619813708,
    0.6745747797017692,
    0.7166340326082862,
    0.47940025760290955,
    2.250290363760504,
    1,
    1,
    1,
    1,
    1,
    1,
    1,
    1,
    1,
    1
  ],
  "weights": [
    252.8110271552684,
    -14.66591341943439,
    -7.357461825958268,
    0.6884751175272514,
    -0.08936160369942847,
    5.1283623266161324,
    -7.520013209149511,
    -2.0873385769892808e-24,
    0,
    0,
    0,
    0,
    0,
    0,
    0,
    0,
    0
  ],
  "bias": 815.6558139534884,
  "metrics": {
    "mae": 117.54,
    "rmse": 158.13,
    "r2": 0.777
  }
}