{
  "type": "ridge",
  "version": 2,
  "trained_at": "2026-01-26T12:09:58.242Z",
  "interval_minutes": 15,
  "l2": 0.5,
  "feature_names": [
    "last_watts",
    "hour_sin",
    "hour_cos",
    "dow_sin",
    "dow_cos",
    "is_weekend",
    "temp_c",
    "contracted_power_kva",
    "tariff_simples",
    "tariff_bihorario",
    "segment_residential",
    "segment_sme",
    "segment_industrial",
    "home_area_m2",
    "household_size",
    "has_solar",
    "ev_count"
  ],
  "mean": [
    811.9676549865229,
    -0.020764199441146425,
    -0.00018819553647493107,
    0.0017759017886172658,
    0.1397484233974873,
    0.30098831985624436,
    6.796226415094332,
    6.8999999999998645,
    1,
    0,
    1,
    0,
    0,
    105,
    4,
    0,
    0
  ],
  "std": [
    314.3465284682712,
    0.7074409654221053,
    0.7071032356479066,
    0.7139745672756295,
    0.6867235664691661,
    0.45889383817999674,
    2.1929301360927185,
    1,
    1,
    1,
    1,
    1,
    1,
    1,
    1,
    1,
    1
  ],
  "weights": [
    261.6647985273769,
    -18.60745727320341,
    -10.39951298325002,
    -0.8765229454035803,
    -1.421036724397604,
    6.631874232205495,
    -5.057093752819014,
    2.51950813530556e-23,
    0,
    0,
    0,
    0,
    0,
    0,
    0,
    0,
    0
  ],
  "bias": 812.0646900269542,
  "metrics": {
    "mae": 112.84,
    "rmse": 144.3,
    "r2": 0.768
  }
}