{
  "type": "ridge",
  "version": 2,
  "trained_at": "2026-01-19T19:14:22.332Z",
  "interval_minutes": 15,
  "l2": 0.5,
  "feature_names": [
    "last_watts",
    "hour_sin",
    "hour_cos",
    "dow_sin",
    "dow_cos",
    "is_weekend",
    "temp_c",
    "contracted_power_kva",
    "tariff_simples",
    "tariff_bihorario",
    "segment_residential",
    "segment_sme",
    "segment_industrial",
    "home_area_m2",
    "household_size",
    "has_solar",
    "ev_count"
  ],
  "mean": [
    1008.7026388341867,
    -0.007759935063731421,
    0.015241243017100002,
    -0.1382170805916683,
    0.10116575913940942,
    0.3910988578180386,
    11.90938164631743,
    4.600000000000113,
    0,
    0.6636471051595116,
    1,
    0,
    0,
    66.5911776289878,
    3.0090586845214653,
    0,
    1.3363528948404884
  ],
  "std": [
    533.3195279287105,
    0.7097860959984672,
    0.7044892345704641,
    0.7040775500165616,
    0.6894336681101171,
    0.48809258469265127,
    2.188001247687866,
    0.943400201457642,
    1,
    0.4725543100721735,
    1,
    1,
    1,
    11.813857751804234,
    0.814755483162156,
    1,
    0.4725543100721735
  ],
  "weights": [
    465.160421723176,
    25.01779806545212,
    47.84089365075997,
    -0.9073108150270914,
    1.203752727074153,
    -1.9595605206797821,
    10.426613971376312,
    -3.01344564917963,
    0,
    -7.561678233440034,
    0,
    0,
    0,
    -2.3303766408098454,
    7.088952221136424,
    0,
    7.561678233381826
  ],
  "bias": 1009.1272154391493,
  "metrics": {
    "mae": 91.73,
    "rmse": 137.84,
    "r2": 0.898
  }
}