{
  "type": "ridge",
  "version": 2,
  "trained_at": "2026-01-25T20:35:51.657Z",
  "interval_minutes": 15,
  "l2": 4,
  "feature_names": [
    "last_watts",
    "hour_sin",
    "hour_cos",
    "dow_sin",
    "dow_cos",
    "is_weekend",
    "temp_c",
    "contracted_power_kva",
    "tariff_simples",
    "tariff_bihorario",
    "segment_residential",
    "segment_sme",
    "segment_industrial",
    "home_area_m2",
    "household_size",
    "has_solar",
    "ev_count"
  ],
  "mean": [
    817.306976744186,
    -0.016418681631204413,
    0.0021615604438402895,
    -0.10830274722950323,
    0.14784755327422514,
    0.3572093023255814,
    8.20708837209301,
    6.8999999999998725,
    1,
    0,
    1,
    0,
    0,
    105,
    4,
    0,
    0
  ],
  "std": [
    299.573341386284,
    0.7118331571329397,
    0.7028158751073941,
    0.7028143089320772,
    0.6880141624193037,
    0.4794002576029103,
    2.2842082326481172,
    1,
    1,
    1,
    1,
    1,
    1,
    1,
    1,
    1,
    1
  ],
  "weights": [
    255.26003114925334,
    -14.385432203426717,
    -11.391832688998079,
    -1.095951832759516,
    -0.8005026605774646,
    4.131446978588399,
    -0.49041741854830434,
    -5.3120504962389746e-24,
    0,
    0,
    0,
    0,
    0,
    0,
    0,
    0,
    0
  ],
  "bias": 817.8781395348838,
  "metrics": {
    "mae": 108.51,
    "rmse": 144.66,
    "r2": 0.763
  }
}