{
  "type": "ridge",
  "version": 2,
  "trained_at": "2026-01-20T18:04:14.341Z",
  "interval_minutes": 15,
  "l2": 0.5,
  "feature_names": [
    "last_watts",
    "hour_sin",
    "hour_cos",
    "dow_sin",
    "dow_cos",
    "is_weekend",
    "temp_c",
    "contracted_power_kva",
    "tariff_simples",
    "tariff_bihorario",
    "segment_residential",
    "segment_sme",
    "segment_industrial",
    "home_area_m2",
    "household_size",
    "has_solar",
    "ev_count"
  ],
  "mean": [
    959.5604562737642,
    -0.021674015858069787,
    0.002663415179105922,
    -0.15027732381974598,
    0.08187474733565943,
    0.40874524714828897,
    15.885159695817485,
    4.600437262357526,
    0,
    0.6653992395437263,
    1,
    0,
    0,
    66.6254752851711,
    3.0045627376425856,
    0,
    1.3346007604562737
  ],
  "std": [
    523.1431121774751,
    0.702885109154847,
    0.7112354448187583,
    0.7179337844070811,
    0.6750211595091644,
    0.4916955315495046,
    2.2049673754994727,
    0.9412005632417507,
    1,
    0.47194044002053287,
    1,
    1,
    1,
    11.80183939664151,
    0.8158624349722597,
    1,
    0.47194044002053287
  ],
  "weights": [
    439.38076434073275,
    16.4240961174896,
    63.09810361044513,
    0.5900127885330231,
    0.25896022468313296,
    2.445222520179388,
    -9.666035260749304,
    -3.592421865585493,
    0,
    -7.690901478228625,
    0,
    0,
    0,
    -1.4605406708542432,
    6.139040759153431,
    0,
    7.690901478170417
  ],
  "bias": 960.4144486692015,
  "metrics": {
    "mae": 117.33,
    "rmse": 168.77,
    "r2": 0.865
  }
}