{
  "type": "ridge",
  "version": 2,
  "trained_at": "2026-01-28T13:04:35.256Z",
  "interval_minutes": 15,
  "l2": 0.5,
  "feature_names": [
    "last_watts",
    "hour_sin",
    "hour_cos",
    "dow_sin",
    "dow_cos",
    "is_weekend",
    "temp_c",
    "contracted_power_kva",
    "tariff_simples",
    "tariff_bihorario",
    "segment_residential",
    "segment_sme",
    "segment_industrial",
    "home_area_m2",
    "household_size",
    "has_solar",
    "ev_count"
  ],
  "mean": [
    825.4423791821562,
    -0.016593985958073838,
    -0.004980888471986135,
    -0.1153844129557129,
    0.13837211792130333,
    0.35687732342007433,
    13.224368029739784,
    5.75,
    1,
    0,
    1,
    0,
    0,
    105,
    4,
    0,
    0
  ],
  "std": [
    310.2278793755793,
    0.7113091523308642,
    0.7033271454458357,
    0.6997900862373837,
    0.6919056772888641,
    0.47930095202375284,
    2.2019020256302566,
    1,
    1,
    1,
    1,
    1,
    1,
    1,
    1,
    1,
    1
  ],
  "weights": [
    263.7391941925798,
    -4.2074531682993666,
    -18.280970863794494,
    2.564059833985688,
    -0.8541876780459443,
    9.125051802672273,
    12.117235233436077,
    0,
    0,
    0,
    0,
    0,
    0,
    0,
    0,
    0,
    0
  ],
  "bias": 826.042750929368,
  "metrics": {
    "mae": 122.14,
    "rmse": 158.04,
    "r2": 0.794
  }
}