{
  "type": "ridge",
  "version": 2,
  "trained_at": "2026-01-28T11:22:26.937Z",
  "interval_minutes": 15,
  "l2": 8,
  "feature_names": [
    "last_watts",
    "hour_sin",
    "hour_cos",
    "dow_sin",
    "dow_cos",
    "is_weekend",
    "temp_c",
    "contracted_power_kva",
    "tariff_simples",
    "tariff_bihorario",
    "segment_residential",
    "segment_sme",
    "segment_industrial",
    "home_area_m2",
    "household_size",
    "has_solar",
    "ev_count"
  ],
  "mean": [
    816.6068773234201,
    -0.008151176690251533,
    -0.015249778988705746,
    0.014497069326124058,
    0.17648477102039722,
    0.3141263940520446,
    12.573485130111536,
    6.8999999999998725,
    1,
    0,
    1,
    0,
    0,
    105,
    4,
    0,
    0
  ],
  "std": [
    310.3436755255452,
    0.7046859472260546,
    0.7099638531379331,
    0.7239375962041285,
    0.6674266855619121,
    0.46438284006756564,
    2.184741213084691,
    1,
    1,
    1,
    1,
    1,
    1,
    1,
    1,
    1,
    1
  ],
  "weights": [
    264.4464877371807,
    2.5762637700784126,
    -20.791720584409262,
    -0.213700119459741,
    -0.5679902243113428,
    6.046905476878997,
    17.236358763582643,
    -1.9871721746879376e-25,
    0,
    0,
    0,
    0,
    0,
    0,
    0,
    0,
    0
  ],
  "bias": 816.5288104089219,
  "metrics": {
    "mae": 112.5,
    "rmse": 145.07,
    "r2": 0.752
  }
}