{
  "type": "ridge",
  "version": 2,
  "trained_at": "2026-01-20T10:42:00.820Z",
  "interval_minutes": 15,
  "l2": 0.5,
  "feature_names": [
    "last_watts",
    "hour_sin",
    "hour_cos",
    "dow_sin",
    "dow_cos",
    "is_weekend",
    "temp_c",
    "contracted_power_kva",
    "tariff_simples",
    "tariff_bihorario",
    "segment_residential",
    "segment_sme",
    "segment_industrial",
    "home_area_m2",
    "household_size",
    "has_solar",
    "ev_count"
  ],
  "mean": [
    954.1047656557699,
    -0.017079271169926507,
    0.0009003206116408908,
    0.17500144465302353,
    -0.002357041507979305,
    0.22686096888538795,
    13.612048050413545,
    4.600000000000113,
    0,
    0.6636471051595116,
    1,
    0,
    0,
    66.5911776289878,
    3.0090586845214653,
    0,
    1.3363528948404884
  ],
  "std": [
    525.0817175819626,
    0.704058740646775,
    0.7102131183083701,
    0.7220203181817006,
    0.6696547923473101,
    0.41888444381981665,
    2.1948229033082525,
    0.943400201457642,
    1,
    0.4725543100721735,
    1,
    1,
    1,
    11.813857751804234,
    0.814755483162156,
    1,
    0.4725543100721735
  ],
  "weights": [
    441.6392897419006,
    33.67957497945929,
    53.51486069091902,
    -1.3322992924302084,
    -2.261485433604022,
    1.7484436690452498,
    10.954471589942722,
    -3.5734416924824473,
    0,
    -7.495788090775022,
    0,
    0,
    0,
    -1.2923408088463475,
    5.8466245477466146,
    0,
    7.4957880907459185
  ],
  "bias": 954.5801496652225,
  "metrics": {
    "mae": 130.22,
    "rmse": 179.7,
    "r2": 0.818
  }
}