{
  "type": "ridge",
  "version": 2,
  "trained_at": "2026-01-23T02:20:46.050Z",
  "interval_minutes": 15,
  "l2": 0.5,
  "feature_names": [
    "last_watts",
    "hour_sin",
    "hour_cos",
    "dow_sin",
    "dow_cos",
    "is_weekend",
    "temp_c",
    "contracted_power_kva",
    "tariff_simples",
    "tariff_bihorario",
    "segment_residential",
    "segment_sme",
    "segment_industrial",
    "home_area_m2",
    "household_size",
    "has_solar",
    "ev_count"
  ],
  "mean": [
    800.3488372093024,
    0.005323152552532506,
    -0.015681501744466083,
    0.1742380489938984,
    -0.03139660465007309,
    0.1786046511627907,
    17.746725581395367,
    6.8999999999998725,
    1,
    0,
    1,
    0,
    0,
    105,
    4,
    0,
    0
  ],
  "std": [
    306.1239756069168,
    0.7036260901926876,
    0.7110322939902055,
    0.6694599571810534,
    0.7220669186226555,
    0.3831991996439576,
    2.201137693397373,
    1,
    1,
    1,
    1,
    1,
    1,
    1,
    1,
    1,
    1
  ],
  "weights": [
    259.8862819115496,
    -18.320433241514024,
    -11.041895177653032,
    2.00491212517964,
    0.4717800177163376,
    5.9113522721470995,
    -6.540994726254894,
    -2.151962062344986e-24,
    0,
    0,
    0,
    0,
    0,
    0,
    0,
    0,
    0
  ],
  "bias": 799.8530232558139,
  "metrics": {
    "mae": 130.3,
    "rmse": 171.43,
    "r2": 0.706
  }
}